{
  "selected_indices": [
    7,
    11,
    13,
    31,
    45
  ],
  "relative_indices": [
    7,
    11,
    13,
    31,
    45
  ],
  "compressed_distribution": {
    "question_id": "starfish",
    "num_resamples": 50,
    "valid_answers": 49,
    "answer_counts": {
      "B": 45,
      "C": 1,
      "A": 3
    },
    "distribution": {
      "B": 0.9183673469387755,
      "C": 0.02040816326530612,
      "A": 0.061224489795918366
    },
    "most_common": "B",
    "agreement_rate": 0.9183673469387755,
    "region_type": "prefix",
    "continuation_budget": 385
  },
  "baseline_distribution": {
    "question_id": "starfish",
    "num_resamples": 50,
    "valid_answers": 45,
    "answer_counts": {
      "B": 33,
      "A": 12
    },
    "distribution": {
      "B": 0.7333333333333333,
      "A": 0.26666666666666666
    },
    "most_common": "B",
    "agreement_rate": 0.7333333333333333,
    "region_type": "prefix",
    "continuation_budget": 859
  },
  "js_divergence": 0.04697531239021777,
  "agreement": 1.0
}